,CAGR,Max_Drawdown,Sharp_Ratio,Value
LSTM_rm,-26.545032504046983,75.5972944140069,-0.13851223908775864,4354.3620455265045
